"section","characteristic","display","overall_sample","men_sample","women_sample","smd_sample_women_vs_men","overall_target_weighted","men_target_weighted","women_target_weighted","smd_weighted_women_vs_men","missing_n"
"Population","Athletes","N","352","194","158",NA,"1328","743","585",NA,0
"Demographics","Age, years","Mean (SD)","21.6 (3.1)","21.3 (3.1)","21.9 (3.1)",0.198,"21.1 (3.0)","20.9 (3.0)","21.3 (2.9)",0.137,0
"Demographics","Age group: Under 20","n (%)","114.0 (32.4%)","71.0 (36.6%)","43.0 (27.2%)",-0.202,"515.0 (38.8%)","311.0 (41.9%)","204.0 (34.9%)",-0.144,0
"Demographics","Age group: Under 23","n (%)","116.0 (33.0%)","63.0 (32.5%)","53.0 (33.5%)",0.023,"460.0 (34.6%)","248.0 (33.4%)","212.0 (36.2%)",0.06,0
"Demographics","Age group: Senior","n (%)","122.0 (34.7%)","60.0 (30.9%)","62.0 (39.2%)",0.175,"353.0 (26.6%)","184.0 (24.8%)","169.0 (28.9%)",0.093,0
"Anthropometrics","Height, cm","Mean (SD)","175.5 (8.5)","180.6 (5.9)","169.2 (6.8)",-1.809,"175.6 (8.5)","180.6 (5.8)","169.3 (7.0)",-1.749,0
"Anthropometrics","Weight, kg","Mean (SD)","64.8 (9.5)","70.5 (7.8)","57.8 (6.0)",-1.831,"64.8 (9.3)","70.3 (7.7)","57.7 (5.9)",-1.847,0
"Athletics","Athletics experience, years","Mean (SD)","10.5 (4.2)","10.1 (4.4)","11.0 (3.9)",0.225,"10.1 (4.1)","9.7 (4.3)","10.6 (3.7)",0.22,0
"Injury","Prior injury in previous two seasons","n (%)","267.0 (75.9%)","156.0 (80.4%)","111.0 (70.3%)",-0.237,"985.3 (74.2%)","587.1 (79.0%)","398.2 (68.1%)",-0.25,0
"Injury","Any current-season injury","n (%)","204.0 (58.0%)","120.0 (61.9%)","84.0 (53.2%)",-0.177,"756.2 (56.9%)","457.1 (61.5%)","299.2 (51.1%)",-0.21,0
"Injury","Preparation-period injury","n (%)","115.0 (32.7%)","69.0 (35.6%)","46.0 (29.1%)",-0.138,"419.5 (31.6%)","259.6 (34.9%)","159.9 (27.3%)",-0.165,0
"Injury","Competition-period injury","n (%)","149.0 (42.3%)","88.0 (45.4%)","61.0 (38.6%)",-0.137,"552.4 (41.6%)","331.4 (44.6%)","221.0 (37.8%)",-0.139,0
"Carbon exposure","Any preparation carbon use","n (%)","287.0 (81.5%)","159.0 (82.0%)","128.0 (81.0%)",-0.024,"1083.9 (81.6%)","611.6 (82.3%)","472.3 (80.7%)",-0.041,0
"Carbon exposure","Any competition carbon use","n (%)","308.0 (87.5%)","173.0 (89.2%)","135.0 (85.4%)",-0.112,"1162.6 (87.5%)","664.6 (89.4%)","498.0 (85.1%)",-0.13,0
"Carbon exposure","Preparation carbon share among users","Median [Q1, Q3]","0.4 [0.3, 0.6]","0.4 [0.2, 0.6]","0.4 [0.3, 0.6]",0.125,"0.4 [0.3, 0.6]","0.4 [0.2, 0.6]","0.4 [0.3, 0.6]",0.115,0
"Carbon exposure","Competition carbon share among users","Median [Q1, Q3]","0.5 [0.3, 0.7]","0.5 [0.3, 0.7]","0.5 [0.4, 0.8]",0.184,"0.5 [0.4, 0.7]","0.5 [0.3, 0.7]","0.5 [0.4, 0.7]",0.161,0
"Training frequency","Preparation total type-frequency","Median [Q1, Q3]","8.0 [6.0, 12.0]","8.0 [6.0, 11.0]","8.0 [6.0, 13.0]",0.098,"8.0 [6.0, 12.0]","8.0 [6.0, 12.0]","8.0 [6.0, 12.0]",0.069,0
"Training frequency","Competition total type-frequency","Median [Q1, Q3]","7.0 [5.0, 10.0]","7.0 [5.0, 10.0]","7.0 [5.0, 11.0]",0.121,"7.0 [5.0, 10.0]","7.0 [5.0, 10.0]","7.0 [6.0, 11.0]",0.106,0
"Preparation frequency","Long endurance","Median [Q1, Q3]","1.0 [0.0, 3.0]","1.0 [0.0, 3.0]","2.0 [0.0, 3.0]",-0.032,"1.0 [0.0, 3.0]","1.0 [0.0, 3.0]","2.0 [0.0, 3.0]",-0.036,0
"Preparation frequency","Middle endurance","Median [Q1, Q3]","1.0 [1.0, 2.0]","1.0 [1.0, 2.0]","1.0 [1.0, 2.0]",0.027,"1.0 [1.0, 2.0]","1.0 [1.0, 2.0]","1.0 [1.0, 2.0]",0.021,0
"Preparation frequency","Lactate","Median [Q1, Q3]","2.0 [1.0, 2.0]","2.0 [1.0, 2.0]","2.0 [1.0, 3.0]",0.104,"2.0 [1.0, 2.0]","2.0 [1.0, 2.0]","2.0 [1.0, 3.0]",0.08,0
"Preparation frequency","Maximum velocity","Median [Q1, Q3]","2.0 [1.0, 3.0]","2.0 [1.0, 3.0]","2.0 [1.0, 3.0]",0.145,"2.0 [1.0, 3.0]","2.0 [1.0, 3.0]","2.0 [1.0, 3.0]",0.103,0
"Preparation frequency","Technique","Median [Q1, Q3]","2.0 [1.0, 3.0]","2.0 [1.0, 3.0]","2.0 [1.0, 3.0]",0.133,"2.0 [1.0, 3.0]","2.0 [1.0, 3.0]","2.0 [1.0, 3.0]",0.1,0
"Preparation frequency","Gym","Median [Q1, Q3]","2.0 [1.0, 3.0]","2.0 [1.0, 2.0]","2.0 [1.0, 3.0]",0.191,"2.0 [1.0, 3.0]","2.0 [1.0, 2.0]","2.0 [1.0, 3.0]",0.22,0
"Competition frequency","Long endurance","Median [Q1, Q3]","1.0 [0.0, 3.0]","1.0 [0.0, 3.0]","1.0 [0.0, 3.0]",-0.041,"1.0 [0.0, 3.0]","1.0 [0.0, 3.0]","1.0 [0.0, 3.0]",-0.03,0
"Competition frequency","Middle endurance","Median [Q1, Q3]","1.0 [0.0, 2.0]","1.0 [0.0, 2.0]","1.0 [0.0, 2.0]",0.13,"1.0 [0.0, 2.0]","1.0 [0.0, 2.0]","1.0 [0.0, 2.0]",0.14,0
"Competition frequency","Lactate","Median [Q1, Q3]","2.0 [1.0, 2.0]","1.0 [1.0, 2.0]","2.0 [1.0, 3.0]",0.203,"2.0 [1.0, 2.0]","1.0 [1.0, 2.0]","2.0 [1.0, 3.0]",0.215,0
"Competition frequency","Maximum velocity","Median [Q1, Q3]","2.0 [1.0, 3.0]","2.0 [1.0, 3.0]","2.0 [1.0, 3.0]",0.092,"2.0 [1.0, 3.0]","2.0 [1.0, 3.0]","2.0 [1.0, 3.0]",0.052,0
"Competition frequency","Technique","Median [Q1, Q3]","2.0 [1.0, 3.0]","2.0 [1.0, 3.0]","2.0 [1.0, 3.0]",0.08,"2.0 [1.0, 3.0]","2.0 [1.0, 3.0]","2.0 [1.0, 3.0]",0.036,0
"Competition frequency","Gym","Median [Q1, Q3]","1.0 [1.0, 2.0]","1.0 [0.0, 2.0]","2.0 [1.0, 2.0]",0.291,"1.0 [1.0, 2.0]","1.0 [0.0, 2.0]","2.0 [1.0, 2.0]",0.336,0
"Discipline","Speed","n (%)","107.0 (30.4%)","64.0 (33.0%)","43.0 (27.2%)",-0.126,"402.5 (30.3%)","243.5 (32.8%)","159.1 (27.2%)",-0.122,0
"Discipline","Middle distance","n (%)","69.0 (19.6%)","38.0 (19.6%)","31.0 (19.6%)",0.001,"260.1 (19.6%)","143.6 (19.3%)","116.5 (19.9%)",0.015,0
"Discipline","Long distance","n (%)","59.0 (16.8%)","36.0 (18.6%)","23.0 (14.6%)",-0.108,"226.2 (17.0%)","134.4 (18.1%)","91.8 (15.7%)",-0.064,0
"Discipline","Hurdles","n (%)","96.0 (27.3%)","51.0 (26.3%)","45.0 (28.5%)",0.049,"370.8 (27.9%)","204.0 (27.5%)","166.7 (28.5%)",0.023,0
"Discipline","Horizontal jumps","n (%)","44.0 (12.5%)","18.0 (9.3%)","26.0 (16.5%)",0.216,"156.9 (11.8%)","68.3 (9.2%)","88.6 (15.1%)",0.183,0
"Discipline","Pole vault","n (%)","19.0 (5.4%)","10.0 (5.2%)","9.0 (5.7%)",0.024,"70.5 (5.3%)","39.4 (5.3%)","31.1 (5.3%)",0.001,0
"Discipline","Combined events","n (%)","41.0 (11.6%)","16.0 (8.2%)","25.0 (15.8%)",0.234,"144.7 (10.9%)","60.9 (8.2%)","83.9 (14.3%)",0.195,0
