"model","period","estimand","measure","share_from","share_to","mean","median","sd","lower_95","upper_95","probability_above_null","probability_above_threshold","probability_in_rope"
"primary_gp_association","preparation","prevalence_nonuser","prevalence",NA,0,0.295386039573648,0.293121349806192,0.0483122778772827,0.205013554436624,0.395046247820678,NA,NA,NA
"primary_gp_association","preparation","prevalence_median_user","prevalence",NA,0.421052631578947,0.360718340537326,0.357342078148819,0.0400648684234035,0.291270406774096,0.449094206025067,NA,NA,NA
"primary_gp_association","preparation","prevalence_low_user","prevalence",NA,0.285714285714286,0.345070993958611,0.341635083727164,0.0405008027200105,0.272945853316632,0.434812579197034,NA,NA,NA
"primary_gp_association","preparation","prevalence_high_user","prevalence",NA,0.571428571428571,0.343570128861312,0.342213506563675,0.0394875860276694,0.267975890144817,0.427365151396019,NA,NA,NA
"primary_gp_association","preparation","adoption_difference","prevalence_difference",0,0.421052631578947,0.0653323009636772,0.0643346448709743,0.0628137463205617,-0.0555500067192361,0.191557396461797,0.853,0.5905,0.15325
"primary_gp_association","preparation","adoption_ratio","prevalence_ratio",0,0.421052631578947,1.25571455906246,1.22235860859641,0.260887270902231,0.850554819893056,1.85183914479192,0.853,0.702,0.12925
"primary_gp_association","preparation","dose_difference","prevalence_difference",0.285714285714286,0.571428571428571,-0.00150086509729885,0.000404790231234076,0.0526075926020852,-0.119458796149576,0.102248871347049,0.506,0.13825,0.41075
"primary_gp_association","preparation","dose_ratio","prevalence_ratio",0.285714285714286,0.571428571428571,1.0072192722058,1.00113026377113,0.151154432174207,0.704161236580144,1.34613813277894,0.506,0.2185,0.366
"primary_gp_association","competition","prevalence_nonuser","prevalence",NA,0,0.375098800016498,0.374538546292875,0.061786347404537,0.258541131918199,0.497645345526916,NA,NA,NA
"primary_gp_association","competition","prevalence_median_user","prevalence",NA,0.5,0.422529192847039,0.423466641656942,0.03930587315589,0.343327850402019,0.496958518936272,NA,NA,NA
"primary_gp_association","competition","prevalence_low_user","prevalence",NA,0.360227272727273,0.375911266695932,0.37627353828824,0.0459216666114923,0.282305132014973,0.461461076296608,NA,NA,NA
"primary_gp_association","competition","prevalence_high_user","prevalence",NA,0.714285714285714,0.507602472405779,0.505681331684301,0.0536665935550821,0.411284876442848,0.619954767304277,NA,NA,NA
"primary_gp_association","competition","adoption_difference","prevalence_difference",0,0.5,0.047430392830541,0.0469465570582155,0.072134889193052,-0.0963885398517464,0.185955520165329,0.747,0.484,0.182
"primary_gp_association","competition","adoption_ratio","prevalence_ratio",0,0.5,1.15860914594162,1.12538928467647,0.228866996998978,0.795318328139047,1.70498384227457,0.747,0.54625,0.182
"primary_gp_association","competition","dose_difference","prevalence_difference",0.360227272727273,0.714285714285714,0.131691205709847,0.128529749954651,0.0785609656776122,-0.00173498119909796,0.290809753177135,0.96925,0.83575,0.07825
"primary_gp_association","competition","dose_ratio","prevalence_ratio",0.360227272727273,0.714285714285714,1.37652077122328,1.34233839333328,0.262031917137439,0.996219560178384,1.99264211147441,0.96925,0.8595,0.08125
"sensitivity_linear_share","preparation","prevalence_nonuser","prevalence",NA,0,0.299926672636205,0.29670875537679,0.0483579793748793,0.20942836423414,0.400089018791764,NA,NA,NA
"sensitivity_linear_share","preparation","prevalence_median_user","prevalence",NA,0.421052631578947,0.334778528951879,0.334278670061708,0.026486037061124,0.281716039768101,0.38694151350018,NA,NA,NA
"sensitivity_linear_share","preparation","prevalence_low_user","prevalence",NA,0.285714285714286,0.327505879686865,0.327222178887735,0.0305747349939262,0.267081798975128,0.387287762299855,NA,NA,NA
"sensitivity_linear_share","preparation","prevalence_high_user","prevalence",NA,0.571428571428571,0.343194997135087,0.343284083430851,0.0288198370544821,0.285711330341455,0.400037791234834,NA,NA,NA
"sensitivity_linear_share","preparation","adoption_difference","prevalence_difference",0,0.421052631578947,0.0348518563156739,0.0362630659108996,0.0534603997835406,-0.0733377680274459,0.134727412823091,0.74675,0.396,0.22075
"sensitivity_linear_share","preparation","adoption_ratio","prevalence_ratio",0,0.421052631578947,1.14527213973483,1.12308444218963,0.206629703032267,0.806660883568972,1.61480531070552,0.74675,0.54925,0.17875
"sensitivity_linear_share","preparation","dose_difference","prevalence_difference",0.285714285714286,0.571428571428571,0.0156891174482224,0.0156997547789622,0.0273330225685617,-0.0367030820417291,0.0689969409432602,0.71275,0.11,0.469
"sensitivity_linear_share","preparation","dose_ratio","prevalence_ratio",0.285714285714286,0.571428571428571,1.05238576337468,1.04825604376127,0.0873640516446113,0.897711025964696,1.2346422333085,0.71275,0.2785,0.395
"sensitivity_linear_share","competition","prevalence_nonuser","prevalence",NA,0,0.378895752258921,0.377430279213377,0.0603087938517809,0.265686239180731,0.501045148778215,NA,NA,NA
"sensitivity_linear_share","competition","prevalence_median_user","prevalence",NA,0.5,0.42302225733055,0.423538536001566,0.0273252340277102,0.370595794364142,0.475222175800137,NA,NA,NA
"sensitivity_linear_share","competition","prevalence_low_user","prevalence",NA,0.360227272727273,0.399542742078517,0.40001255915113,0.0320132073804898,0.337747035098992,0.461243583361069,NA,NA,NA
"sensitivity_linear_share","competition","prevalence_high_user","prevalence",NA,0.714285714285714,0.459666794293482,0.459546670328478,0.0309594340007749,0.399956194262683,0.521138927907245,NA,NA,NA
"sensitivity_linear_share","competition","adoption_difference","prevalence_difference",0,0.5,0.0441265050716298,0.0454436372721546,0.0647502114350904,-0.084031964724034,0.165830850111398,0.7545,0.476,0.192
"sensitivity_linear_share","competition","adoption_ratio","prevalence_ratio",0,0.5,1.14569992348694,1.11887241709015,0.202725801544319,0.827403515020802,1.59960111406926,0.7545,0.54225,0.19625
"sensitivity_linear_share","competition","dose_difference","prevalence_difference",0.360227272727273,0.714285714285714,0.0601240522149651,0.0592973634851726,0.0330051183940511,-0.00305162134375293,0.125593424578157,0.9685,0.608,0.103
"sensitivity_linear_share","competition","dose_ratio","prevalence_ratio",0.360227272727273,0.714285714285714,1.15515231051942,1.14830204596074,0.0912673496051069,0.992862453480127,1.34415309451016,0.9685,0.715,0.1095
"sensitivity_gp_wide_prior","preparation","prevalence_nonuser","prevalence",NA,0,0.293156815739803,0.291794603585246,0.0483974288288034,0.202733079918596,0.391829789847527,NA,NA,NA
"sensitivity_gp_wide_prior","preparation","prevalence_median_user","prevalence",NA,0.421052631578947,0.366821020622439,0.36335639869275,0.0415990369746273,0.29344222001625,0.455395930902346,NA,NA,NA
"sensitivity_gp_wide_prior","preparation","prevalence_low_user","prevalence",NA,0.285714285714286,0.348422745669649,0.345426738511927,0.0423952949126593,0.271279647571608,0.439965775958591,NA,NA,NA
"sensitivity_gp_wide_prior","preparation","prevalence_high_user","prevalence",NA,0.571428571428571,0.346536778683797,0.346166426675722,0.0422079762067405,0.266663032418708,0.432637623292427,NA,NA,NA
"sensitivity_gp_wide_prior","preparation","adoption_difference","prevalence_difference",0,0.421052631578947,0.0736642048826357,0.073860981316052,0.0643411395343128,-0.0535669023070975,0.199647460688788,0.87625,0.641,0.1335
"sensitivity_gp_wide_prior","preparation","adoption_ratio","prevalence_ratio",0,0.421052631578947,1.28729537397606,1.25605130581173,0.268995616370501,0.863044893114798,1.9123486196465,0.87625,0.74025,0.1085
"sensitivity_gp_wide_prior","preparation","dose_difference","prevalence_difference",0.285714285714286,0.571428571428571,-0.00188596698585256,0.000278869189214076,0.0572329980309636,-0.12841062332097,0.111628404846479,0.50875,0.1585,0.36025
"sensitivity_gp_wide_prior","preparation","dose_ratio","prevalence_ratio",0.285714285714286,0.571428571428571,1.00795727993187,1.00082617431283,0.165478873422327,0.688329086313308,1.36860466000306,0.50875,0.2365,0.328
"sensitivity_gp_wide_prior","competition","prevalence_nonuser","prevalence",NA,0,0.372762244459464,0.37153969546629,0.0618853037095353,0.256865806601081,0.494840987308403,NA,NA,NA
"sensitivity_gp_wide_prior","competition","prevalence_median_user","prevalence",NA,0.5,0.420718945582199,0.421521828452988,0.0402720739191307,0.338515062728843,0.499476227759889,NA,NA,NA
"sensitivity_gp_wide_prior","competition","prevalence_low_user","prevalence",NA,0.360227272727273,0.369746974298916,0.371274746044949,0.0473327933548652,0.273814123534422,0.459974366067404,NA,NA,NA
"sensitivity_gp_wide_prior","competition","prevalence_high_user","prevalence",NA,0.714285714285714,0.516251453867457,0.515105179902396,0.0537270832323023,0.414313040439439,0.620998722227442,NA,NA,NA
"sensitivity_gp_wide_prior","competition","adoption_difference","prevalence_difference",0,0.5,0.0479567011227343,0.0483877415311072,0.0741073319472086,-0.102645477291115,0.18728003064714,0.748,0.48975,0.17875
"sensitivity_gp_wide_prior","competition","adoption_ratio","prevalence_ratio",0,0.5,1.16189782520734,1.13053253915562,0.234550347053997,0.782988260910542,1.68739324201661,0.748,0.56,0.18025
"sensitivity_gp_wide_prior","competition","dose_difference","prevalence_difference",0.360227272727273,0.714285714285714,0.146504479568541,0.145959306641892,0.0800845887248231,-0.00117255588825884,0.307184478864339,0.96925,0.88125,0.06275
"sensitivity_gp_wide_prior","competition","dose_ratio","prevalence_ratio",0.360227272727273,0.714285714285714,1.42576269963709,1.39568939625496,0.275807039719924,0.997048977904164,2.07124658371382,0.96925,0.89625,0.065
